{
    "accuracy": 0.9510660866910867,
    "macro_f1": 0.26580903589410576,
    "loss": 0.21966985311263648
}