{
    "accuracy": 0.9527129120879121,
    "macro_f1": 0.2825493232159003,
    "loss": 0.14186796866930448
}